No,Hotel,Komentar Asli,Hasil Preprocessing,Label
1,Hotel Dayang Resort Singkawang,fasilitas oke harga gak oke 1 kelapa aja 25k 😭😭😭😭,fasilitas oke harga tidak oke kelapa,Negatif
2,Hotel Dayang Resort Singkawang,ini lokasi yg depan rindam 12 tanjung pura bukan bang,lokasi depan rindam tanjung pura,Netral
3,Hotel Dayang Resort Singkawang,aku pernah kesituuuu,pernah situ,Positif
4,Hotel Dayang Resort Singkawang,Tinggal di Singkawang belum pernah ke Dayang Resort oh indab Pemandangan nya.,tinggal singkawang belum dayang resort indah pemandangan,Negatif
5,Hotel Dayang Resort Singkawang,saya pernah nginap di villa sayang resort,pernah nginap villa sayang resort,Positif
6,Hotel Dayang Resort Singkawang,spill harga masuk+nginap,spill harga masuk nginap,Netral
7,Hotel Dayang Resort Singkawang,udah trauma gw naik perosotan malah bikin sakit 😭,trauma naik perosotan sakit,Negatif
8,Hotel Dayang Resort Singkawang,udh prnh ksna,pernah sana,Positif
9,Hotel Dayang Resort Singkawang,itu kolamnya bisa mandi atau ngak 😂?,kolam mandi,Netral
10,Hotel Dayang Resort Singkawang,dulu aku gak berani naik perosotan besar itu,tidak berani naik perosotan besar,Negatif
11,Hotel Dayang Resort Singkawang,aku udah pernah,pernah,Positif
12,Hotel Dayang Resort Singkawang,aku perna kesana tapi sekarang aku di bandung,pernah sana sekarang bandung,Positif
13,Hotel Dayang Resort Singkawang,kotanya mana,kota,Netral
14,Hotel Dayang Resort Singkawang,adem,klu Dari karangan berapa jm boss,adem karangan jam,Netral
15,Hotel Dayang Resort Singkawang,UGD yang tidak akan Go,ugd go,Netral
16,Hotel Dayang Resort Singkawang,spill harga,spill harga,Netral
17,Hotel Dayang Resort Singkawang,tau bang aku udah pernah kesitu,tahu pernah situ,Positif
18,Hotel Dayang Resort Singkawang,beh gue pernah ke sana dan puass banget dengan pemandangan nya 😌,pernah sana puas pemandangan,Positif
19,Hotel Dayang Resort Singkawang,pernah kesitu ama guru,pernah situ guru,Positif
20,Hotel Dayang Resort Singkawang,kami pernah ke situ bangg,pernah situ,Positif
21,Hotel Dayang Resort Singkawang,pokokk nyee banyakk sklii kenangan nyee disituuu,banyak kenangan situ,Positif
22,Hotel Dayang Resort Singkawang,plis gue dulu pernah di situ waktu study tuor,pernah situ study tour,Positif
23,Hotel Dayang Resort Singkawang,MAHALLL...,mahal,Negatif
24,Hotel Dayang Resort Singkawang,kerennn bg👍,keren,Positif
25,Hotel Dayang Resort Singkawang,yang paling asik itu kolam arus nya,asik kolam arus,Positif
26,Hotel Dayang Resort Singkawang,gua pernah ke sana,pernah sana,Positif
27,Hotel Dayang Resort Singkawang,aku pernah nginap di situ seruu,pernah nginap situ seru,Positif
28,Hotel Dayang Resort Singkawang,mantap tu,mantap,Positif
29,Hotel Dayang Resort Singkawang,Lumayann pas aku 500k semalem😌,lumayan ribu semalam,Netral
30,Hotel Dayang Resort Singkawang,anjai gw pernah situ,pernah situ,Positif
31,Hotel Dayang Resort Singkawang,lah sering ke situ😭😭,sering situ,Positif
32,Hotel Dayang Resort Singkawang,mantap bang,mantap,Positif
33,Hotel Dayang Resort Singkawang,Yesterday I wanted to go there but I didn't 🥲🥲,yesterday wanted go,Netral
34,Hotel Dayang Resort Singkawang,udhh kesituuu,situ,Positif
35,Hotel Dayang Resort Singkawang,opening ny rada serem yaa,opening rada serem,Negatif
36,Hotel Dayang Resort Singkawang,gua dah kesitu beramai,situ ramai,Positif
37,Hotel Dayang Resort Singkawang,aku udah biasa ke situ tadi aja aku kesitu,biasa situ tadi situ,Positif
38,Hotel Dayang Resort Singkawang,Aku pernah ke sana seru banget,pernah sana seru,Positif
39,Hotel Dayang Resort Singkawang,gua pernah di situ bang,pernah situ,Positif
40,Hotel Dayang Resort Singkawang,tempatnya oke cuma bawa makanan dri luar ndak boleh soalnya posisi ada yg makan vegetarian bawa bekal ndak boleh masuk,tempat oke bawa makanan luar tidak boleh vegetarian bawa bekal tidak boleh masuk,Negatif
41,Hotel Dayang Resort Singkawang,gua pernah dapet temen trial disitu,pernah teman trial situ,Positif
42,Hotel Dayang Resort Singkawang,aku disana nyimpen duit 5 ribu di bagian tempat untuk nyimpen baju atau tas,sana simpan uang ribu bagian simpan baju tas,Netral
43,Hotel Dayang Resort Singkawang,saye dh pernah kesitu,asli seru,apalagi kolam yang ngelilingi taman beuhh,pernah situ seru kolam mengelilingi taman,Positif
44,Hotel Dayang Resort Singkawang,udh pernah kasana bg,pernah sana,Positif
45,Hotel Dayang Resort Singkawang,aku pernah kesana seru bgt,pernah sana seru,Positif
46,Hotel Dayang Resort Singkawang,udh pernah ke situ seru banget👍,pernah situ seru,Positif
47,Hotel Dayang Resort Singkawang,break fast nya enak² banget 1 Minggu ful nginap di situ wkt masih blm ada dedek bayi semoga tahun DPN ada rejeki biar bisa ber 4 ke sana amkn,sarapan enak minggu nginap situ belum dedek bayi semoga tahun rezeki empat sana,Positif
48,Hotel Dayang Resort Singkawang,udah ke sekian x..😁,sekian,Positif
49,Hotel Dayang Resort Singkawang,aku udah ada ke situ,situ,Positif
50,Hotel Dayang Resort Singkawang,waktu itu kecewa bnget ga ikut berenang karna lgi haid😭,kecewa tidak ikut berenang haid,Negatif
51,Hotel Dayang Resort Singkawang,kak itu di daerah kuu pasti itu di daerah pasir panjang,daerah pasir panjang,Positif
52,Hotel Dayang Resort Singkawang,Udah pernah sepiiii di kamar banyak nyamuknya,pernah sepi kamar banyak nyamuk,Negatif
53,Hotel Dayang Resort Singkawang,bgus bgt... pengen ke situ asyik kyknya,,,bagus pengen situ asyik,Positif
54,Hotel Dayang Resort Singkawang,IYA JIRR SERU BANGETT PLISS DISITUU😘✌,seru situ,Positif
55,Hotel Dayang Resort Singkawang,udah aku kesitu,situ,Positif
56,Hotel Dayang Resort Singkawang,gw pernah kesitu,pernah situ,Positif
57,Hotel Dayang Resort Singkawang,udah pernah kesitu,pernah situ,Positif
58,Hotel Dayang Resort Singkawang,𝚍𝚒 𝚖𝚊𝚗𝚊 𝚜𝚒𝚒𝚒 𝚔𝚘𝚔 𝚊𝚔𝚞 𝚐𝚊 𝚗𝚎𝚖𝚞𝚞,mana tidak nemu,Netral
59,Hotel Dayang Resort Singkawang,pernah di situ,pernah situ,Positif
60,Hotel Dayang Resort Singkawang,kame pernah sana cuman dah balek,pernah sana balik,Positif
61,Hotel Dayang Resort Singkawang,Alhamdulillah udah pernah ke sini 👍👍,alhamdulillah pernah sini,Positif
62,Hotel Dayang Resort Singkawang,AC ny udah ngk dingin...,ac tidak dingin,Negatif
63,Hotel Dayang Resort Singkawang,kemarin aku ke situu,kemarin situ,Positif
64,Hotel Dayang Resort Singkawang,udah pernah pergi seru bngt,pernah pergi seru,Positif
65,Hotel Dayang Resort Singkawang,luas ny lahan tc,luas lahan,Positif
66,Hotel Dayang Resort Singkawang,gua pernah berkunjung ke situ tapi kolam nya kurang dalam bang,pernah berkunjung situ kolam kurang dalam,Negatif
67,Hotel Dayang Resort Singkawang,bukan. nya. mau. tutup. ya,bukan tutup,Netral
68,Hotel Dayang Resort Singkawang,mending taman cinta,taman cinta,Positif
69,Hotel Dayang Resort Singkawang,budget brp habis disini ni😁,budget habis sini,Netral
70,Hotel Dayang Resort Singkawang,kalau ngk nginap bisa ngak,tidak nginap,Netral
71,Hotel Dayang Resort Singkawang,saya pernah ke situ bg sedap ada makan nasi goreng saya sampai sore bilas eee Ade mau keliling naik mobil Trak kan,pernah situ sedap makan nasi goreng sore bilas keliling mobil trak,Positif
72,Hotel Dayang Resort Singkawang,siyapa yang rindu rindam,rindu rindam,Netral
73,Hotel Dayang Resort Singkawang,2022 pernah kesitu kami bg asli lokasi penginapannya sangat mantap dan nyaman apalagi suasana bangun dipagi harinya wahh lah pokoknya,pernah situ lokasi penginapan mantap nyaman suasana bangun pagi,Positif
74,Hotel Dayang Resort Singkawang,penah nginap disini is oke buat keluarga,nginap sini oke keluarga,Positif
75,Hotel Dayang Resort Singkawang,pergi ke bajau zoo bang👍,bajau zoo,Positif
76,Hotel Dayang Resort Singkawang,knp tdi gw ga ke situ aj ya 🗿😭😭 kki gw skin naik gunung 🗿,tidak situ naik gunung,Negatif
77,Hotel Dayang Resort Singkawang,lurus aja,lurus,Netral
78,Hotel Dayang Resort Singkawang,tapi ada kejadian☠️,kejadian,Netral
79,Hotel Dayang Resort Singkawang,jujur aku trauma ama kolam renang nya pernah hampir tenggelem disitu,trauma kolam renang hampir tenggelam situ,Negatif
80,Hotel Dayang Resort Singkawang,TPI seru 2 malam di situ lohhh,seru malam situ,Positif
81,Hotel Dayang Resort Singkawang,ketemu Ushuluddin ga bang😁,ketemu ushuluddin,Netral
82,Hotel Dayang Resort Singkawang,pernah sampai harga 386 lebih harganya anak kecil jg harus bayar 😡,harga lebih anak kecil bayar,Negatif
83,Hotel Dayang Resort Singkawang,mu kesana tapi gak nginap tapi bisa titip barang gak kk kami mu berenang saja,kesana tidak nginap titip barang berenang,Netral
84,Hotel Dayang Resort Singkawang,berapa harga berenang?,berapa harga berenang,Netral
85,Hotel Dayang Resort Singkawang,bawa pacar sini boleh ga bang,bawa pacar sini boleh,Netral
86,Hotel Dayang Resort Singkawang,berapa penginapanny,berapa penginapan,Netral
87,Hotel Dayang Resort Singkawang,gw suka kolam arus nya,suka kolam arus,Positif
88,Hotel Dayang Resort Singkawang,udah pernahh,pernah,Positif
89,Hotel Dayang Resort Singkawang,Udah tutup dah,tutup,Negatif
90,Hotel Dayang Resort Singkawang,msh buka?,buka,Netral
91,Hotel Dayang Resort Singkawang,mau nanya kolam nya brp meter?,nanya kolam meter,Netral
92,Hotel Dayang Resort Singkawang,aku nanti mau jalan jalan sekelas ke datang resort 🤭🤭🤭,nanti jalan sekelas datang resort,Positif
93,Hotel Dayang Resort Singkawang,kami udah ke situ bang seru banget,situ seru,Positif
94,Hotel Dayang Resort Singkawang,𝐭𝐢𝐦 𝐲𝐚𝐧𝐠 𝐮𝐝𝐡 𝐛𝐞𝐫𝐞𝐧𝐚𝐧𝐠 𝐝𝐢 𝐬𝐚𝐧𝐚,berenang sana,Positif
95,Hotel Dayang Resort Singkawang,Seru banget di situ pagi pagi udah tunguin kolam renang nya buka,seru situ pagi tunggu kolam renang buka,Positif
96,Hotel Dayang Resort Singkawang,dri aku maseh paud setiap minggu ke dayang,"sampai sekarang pn masih ke dayang ",soalnye seseru iye,masih paud setiap minggu dayang sekarang dayang seru,Positif
97,Hotel Dayang Resort Singkawang,pernah nginap disana,penginapan banyak nyamuk nya😭,nginap penginapan banyak nyamuk,Negatif
98,Hotel Dayang Resort Singkawang,insyaallah lebaran ini kt kesn bersama keluarga 🥰🥰,insyaallah lebaran kesana keluarga,Positif
99,Hotel Dayang Resort Singkawang,otw,otw,Netral
100,Hotel Dayang Resort Singkawang,aku mah waktu kecil kalo mau berenang disitu aku lagi di singkawang nih,waktu kecil berenang situ singkawang,Positif
101,Hotel Dayang Resort Singkawang,rekomen nih udh pernah kesana seruu bgt🥰,rekomendasi pernah sana seru,Positif
102,Hotel Dayang Resort Singkawang,aku kemarin ke pantai samudra di singkawang,kemarin pantai samudra singkawang,Positif
103,Hotel Dayang Resort Singkawang,berapa sih perlu buat liburan tuh .,berapa perlu liburan,Netral
104,Hotel Dayang Resort Singkawang,iya bang itu bagus banget aku pernah kesitu bagus,bagus pernah situ bagus,Positif
105,Hotel Dayang Resort Singkawang,dah sering k situ..krn sy org skw,sering situ orang singkawang,Positif
106,Hotel Dayang Resort Singkawang,minus nya kurang bersih aja ngk kayak di Bali,minus kurang bersih tidak bali,Negatif
107,Hotel Dayang Resort Singkawang,seingatku dulu dayang resort ngga segede ini deh,ingat dayang resort tidak segede,Negatif
108,Hotel Dayang Resort Singkawang,Dlu stay 1 bulan di sini☺️,stay bulan sini,Positif
109,Hotel Dayang Resort Singkawang,pantai dayang pasti banyak dayang kn KLO MLM hari 😂,pantai dayang banyak dayang malam,Netral
110,Hotel Dayang Resort Singkawang,berapa sewa sepeda listriknya?,berapa sewa sepeda listrik,Netral
111,Hotel Dayang Resort Singkawang,keinget kejadian kolam arus,ingat kejadian kolam arus,Negatif
112,Hotel Dayang Resort Singkawang,ye2..nyamuk nya besar2 😁,nyamuk besar,Negatif
113,Hotel Dayang Resort Singkawang,sya nginep di situ coba cek aja vt gua,nginap situ cek vt,Positif
114,Hotel Dayang Resort Singkawang,aku pernah ke sanak,pernah sanak,Positif
115,Hotel Dayang Resort Singkawang,dh puluhan kli dh snii traker pgi sni jembatan gii di buatt atau d btl kn gtt,puluhan sini tracker pagi sini jembatan buat betulkan,Netral
116,Hotel Dayang Resort Singkawang,masuk nye brpe bang,masuk berapa,Netral
117,Hotel Dayang Resort Singkawang,udh di resmikan ke bang,resmikan,Netral
118,Hotel Dayang Resort Singkawang,pernah ke sanak sepiiiiiii tpi tk ap bise puas maen e🥰,pernah sanak sepi bisa puas main,Positif
119,Hotel Dayang Resort Singkawang,SMOGA NNTI BISA NGINAP D SINI DESEMBER WKT PELANTIKAN ANK KU D SPN SAGATANI SINGKAWANG ANK* AJK NGINAP D SINI TP SY G MW LBIH MILIH D KOTA SINGKAWANG Y LBIH ENAK KULINER Y😂,semoga nanti nginap sini desember pelantikan anak spn sagatani singkawang nginap sini tidak mau pilih kota singkawang enak kuliner,Positif
120,Hotel Dayang Resort Singkawang,gw ke situ di kejar kodok😭🗿,situ kejar kodok,Negatif
121,Hotel Dayang Resort Singkawang,gw udah kesitu recommended banget sih,situ rekomendasi,Positif
122,Hotel Dayang Resort Singkawang,kerenn bang🔥,keren,Positif
123,Hotel Dayang Resort Singkawang,kamar nya kurang bersih kamar mandi nya kotor,kamar kurang bersih kamar mandi kotor,Negatif
124,Hotel Dayang Resort Singkawang,pop mie nye mahal,pop mie mahal,Negatif
125,Hotel Dayang Resort Singkawang,Udah pernah ke Dayang Resort 🙋,pernah dayang resort,Positif
126,Hotel Dayang Resort Singkawang,Skian banyak hotel/vila yg aku pesen setiap k skw,tetep nomer 1 di dayang sih,tempat terfav ternyaman,apalgi kalau bwa anak kecil cocok bnget nginep disini,krna ada kolam renang dan taman untuk main anak2😍 trus banyak spot foto cantik di dayang,kamar bersih,ac dingin,air deress,pokoknya bestt dehh🤩 makanannya jga enak2😍,banyak hotel vila pesan setiap singkawang tetap nomor dayang tempat favorit nyaman bawa anak kecil cocok nginap sini kolam renang taman main anak spot foto cantik dayang kamar bersih ac dingin air deras best makanan enak,Positif
127,Hotel Dayang Resort Singkawang,aku udh 2 kali,dua kali,Positif
128,Hotel Dayang Resort Singkawang,Aku di Sambas males buat ke situ 😭,sambas males situ,Negatif
129,Hotel Dayang Resort Singkawang,halo bang itu suara gua di situ bang gua berenang,halo suara situ berenang,Positif
130,Hotel Dayang Resort Singkawang,saya udh kesana 5 kali kesitu tadak serun,lima situ tidak seru,Negatif
131,Hotel Dayang Resort Singkawang,gw waktutu study tour gw ke situ bagus+seluncuran ny beh,study tour situ bagus seluncuran,Positif
132,Hotel Dayang Resort Singkawang,kemaren pass study tour gw kesana min😋,kemarin study tour sana,Positif
133,Hotel Dayang Resort Singkawang,sudah puas kesana mulu,puas sana,Positif
134,Hotel Dayang Resort Singkawang,pantai@dayang 🕷️ 🥰,pantai dayang,Positif
135,Hotel Dayang Resort Singkawang,keren bang nov 🤩🤩,keren,Positif
136,Hotel Dayang Resort Singkawang,taht's great!,great,Positif
137,Hotel Dayang Resort Singkawang,kalo masuk bisa mandi2 ga di kolam renang nya,masuk mandi kolam renang,Netral
138,Hotel Dayang Resort Singkawang,kemaren kamek ke sinek,kemarin sinek,Positif
139,Hotel Dayang Resort Singkawang,maok nginap seminggu lah bise berjelajah kesemua wisata ny 😭,nginap seminggu berjelajah wisata,Positif
140,Hotel Dayang Resort Singkawang,yang tinggal di Singkawang ngumpul sini🗿😁🥰,tinggal singkawang ngumpul sini,Positif
141,Hotel Dayang Resort Singkawang,nice video,nice video,Positif
142,Hotel Dayang Resort Singkawang,tgl 21 otw study tour ke sanaaa,tanggal otw study tour sana,Positif
143,Hotel Dayang Resort Singkawang,biak PP hadirr,biak pp hadir,Positif
144,Hotel Dayang Resort Singkawang,dah pernah ke situ,pernah situ,Positif
145,Hotel Dayang Resort Singkawang,saya pernah ke sana Seru si.. pas bawa keluarga tapi sedikit kecewa ndk boleh bawa bekal katanyaa....!! Dulu pertama masuk boleh dan sekarang tidak apakah sekarang masih berlaku..?? Serius nanya yaa..??,pernah sana seru bawa keluarga kecewa tidak boleh bawa bekal dulu masuk boleh sekarang tidak berlaku serius nanya,Negatif
146,Hotel Dayang Resort Singkawang,brp bg untuk liburan keluarga,berapa liburan keluarga,Netral
147,Hotel Dayang Resort Singkawang,baru tau aku rek²🗿,baru tahu,Netral
148,Hotel Dayang Resort Singkawang,seluncuran nya tinggi banget plisss tpi seru bngettt klm arus nyaa dalem banget arus nya kuat bngett😭,seluncuran tinggi seru kolam arus dalam arus kuat,Positif
149,Hotel Dayang Resort Singkawang,wah dulu saya kerja dstu bang,,nanam durian,mangga jg ad,di bagian bukit nya,,udah jadi bagus sekarang ya...,dulu kerja situ nanam durian mangga bukit jadi bagus sekarang,Positif
150,Hotel Dayang Resort Singkawang,aku pernah pergi om,pernah pergi,Positif
151,Hotel Dayang Resort Singkawang,waktu it kamk ke stuk yg di atas maseh jlek,waktu stuk atas masih jelek,Negatif
152,Hotel Dayang Resort Singkawang,bang coba satuwatt,coba satuwatt,Netral
153,Hotel Dayang Resort Singkawang,sekarang saya pergi ke singkawang,sekarang pergi singkawang,Positif
154,Hotel Dayang Resort Singkawang,aku pernah kesitu seru banget,pernah situ seru,Positif
155,Hotel Dayang Resort Singkawang,masuk brp byr nye,masuk berapa bayar,Netral
156,Hotel Dayang Resort Singkawang,bebas ke penginapan yaa,bebas penginapan,Netral
157,Hotel Dayang Resort Singkawang,aku pernah,pernah,Positif
158,Hotel Dayang Resort Singkawang,bagus cocok untuk liburan keluarga dan pasutri. sudah pernah kesini 👍👍,bagus cocok liburan keluarga pasutri pernah sini,Positif
159,Hotel Dayang Resort Singkawang,mantap tuh,mantap,Positif
160,Hotel Dayang Resort Singkawang,aku udh pergi,pernah,Positif
161,Hotel Dayang Resort Singkawang,kamek pernah sinik iii pas tour sedapp pkok eee,pernah sini tour sedap,Positif
162,Hotel Dayang Resort Singkawang,mehong,mahal,Negatif
163,Hotel Dayang Resort Singkawang,berapa bayar nya,berapa bayar,Netral
164,Hotel Dayang Resort Singkawang,aku pernah ke situ,pernah situ,Positif
165,Hotel Dayang Resort Singkawang,woowww keren👍,keren,Positif
166,Hotel Dayang Resort Singkawang,tanggal 31 aku pergi kan libuaran,tanggal pergi liburan,Positif
167,Hotel Dayang Resort Singkawang,wow😲😯😯😮😮😮,wow,Positif
168,Hotel Dayang Resort Singkawang,keren,keren,Positif
169,Hotel Dayang Resort Singkawang,udh pernah naik prosotan Oren putih 🗿,pernah naik prosotan oren putih,Positif
170,Hotel Dayang Resort Singkawang,g sabar bnggttt mau ke situ🗿🙏,sabar mau situ,Positif
171,Hotel Dayang Resort Singkawang,waktu itu pas kesana ad ular,waktu sana ular,Negatif
172,Hotel Dayang Resort Singkawang,berape kali dah kamek ke situk 😹🤭,berapa kali situk,Positif
173,Hotel Dayang Resort Singkawang,gue pernah kesana 😹🗿,pernah sana,Positif
174,Hotel Dayang Resort Singkawang,sepi amat,sepi,Negatif
175,Hotel Dayang Resort Singkawang,baru tadi pegi,baru pergi,Positif
176,Hotel Dayang Resort Singkawang,dayang resort tempat faforit gueh,dayang resort tempat favorit,Positif
177,Hotel Dayang Resort Singkawang,lebih bagus di horison dari pada dayang resort,lebih bagus horison dayang resort,Negatif
178,Hotel Dayang Resort Singkawang,Pernah kesini😅,pernah sini,Positif
179,Hotel Dayang Resort Singkawang,salam kenal bang,salam kenal,Positif
180,Hotel Dayang Resort Singkawang,bang besok saya mau ke sana gasabar banget soal nya keren banget😁,besok sana sabar keren,Positif
181,Hotel Dayang Resort Singkawang,masya Allah,masya allah,Positif
182,Hotel Dayang Resort Singkawang,aku udah pernah ke sana,pernah sana,Positif
183,Hotel Dayang Resort Singkawang,bang aku udh prnh pergi 1 tahun lalu 😁,pernah pergi tahun lalu,Positif
184,Hotel Dayang Resort Singkawang,itu mah dekat rumahku bg,dekat rumah,Positif
185,Hotel Dayang Resort Singkawang,udh 6thun g kesini 🗿,enam tahun tidak sini,Negatif
186,Hotel Dayang Resort Singkawang,brpa bng masuk nya,berapa masuk,Netral
187,Hotel Dayang Resort Singkawang,kira 2 brph ye bg,kira berapa,Netral
188,Hotel Dayang Resort Singkawang,aku pernah kesitu,pernah situ,Positif
189,Hotel Dayang Resort Singkawang,tempat study tour sd ku 🗿,tempat study tour sd,Positif
190,Hotel Dayang Resort Singkawang,usah ade penipuan,penipuan,Negatif
191,Hotel Dayang Resort Singkawang,bosen dh bg ke situ trus aku soal nye dekat😭,bosan situ dekat,Negatif
192,Hotel Dayang Resort Singkawang,pad ad moment hari libur harga nya gak ngotak 😂😂😂,moment libur harga tidak ngotak,Negatif
193,Hotel Dayang Resort Singkawang,biak Singkawang hadir 😁,biak singkawang hadir,Positif
194,Hotel Dayang Resort Singkawang,aku pernah ke situ kamar Nye Ade kecoa,pernah situ kamar kecoa,Negatif
195,Hotel Dayang Resort Singkawang,Saya pernah ke situ Saya kan orang Kalbar serunya ke situ Adam lagi Saya suka berenang di situ,pernah situ orang kalbar seru situ suka berenang situ,Positif
196,Hotel Dayang Resort Singkawang,dah lama ngak pulang😁😁😁😁skw tambah maju,lama pulang singkawang maju,Positif
197,Hotel Dayang Resort Singkawang,Wifi-nya gak lancar apalagi yg di atas sinyal kurang bagus,wifi tidak lancar atas sinyal kurang bagus,Negatif
198,Hotel Dayang Resort Singkawang,berape harga masuk kesitu,berapa harga masuk,Netral
199,Hotel Dayang Resort Singkawang,kerennn,keren,Positif
200,Hotel Dayang Resort Singkawang,bagus ya,bagus,Positif
201,Hotel Dayang Resort Singkawang,wahhh,wah,Positif
202,Hotel Dayang Resort Singkawang,🥰Cantik,cantik,Positif
203,Hotel Dayang Resort Singkawang,Brp tiket nya,berapa tiket,Netral
204,Hotel Dayang Resort Singkawang,singkawang Kalbar kebanggaanku.🥰,singkawang kalbar kebanggaan,Positif
205,Hotel Dayang Resort Singkawang,padahal dlu sering bulak balik singkawang ponti tpi ga tau ada tmpat seindah ini,dulu sering bolak balik singkawang pontianak tidak tahu tempat indah,Positif
206,Hotel Dayang Resort Singkawang,udah pernah ke dayang resort tapi daan tau kalau seluas iye,pernah dayang resort tidak tahu seluas,Positif
207,Hotel Dayang Resort Singkawang,bang saya pernah kesitu,pernah situ,Positif
208,Hotel Dayang Resort Singkawang,emang keren tempat wisata🥰🥰🥰🥰,keren tempat wisata,Positif
209,Hotel Dayang Resort Singkawang,info harga penginapan nya,info harga penginapan,Netral
210,Hotel Dayang Resort Singkawang,dekat rumah 🥰,dekat rumah,Positif
211,Hotel Dayang Resort Singkawang,di sanak boleh bawak makanan sendirik ke?,sanak boleh bawa makanan sendiri,Netral
212,Hotel Dayang Resort Singkawang,Kat mana ni bang,mana,Netral
213,Hotel Dayang Resort Singkawang,depan rindam 12,depan rindam,Netral
214,Hotel Dayang Resort Singkawang,pas siang☺ pas malam😬,siang malam,Netral
215,Hotel Dayang Resort Singkawang,sepi wooy udh beberapa kali gue pergi masih aja GK Ramai !,sepi beberapa pergi tidak ramai,Negatif
216,Hotel Dayang Resort Singkawang,guaa disitu maling mangga kena sengat penyengat bg🗿🗿🗿,situ maling mangga sengat penyengat,Negatif
217,Hotel Dayang Resort Singkawang,kt nye ad biak kecik mati disie,biak kecil mati sini,Negatif
218,Hotel Dayang Resort Singkawang,udh pernah nginap tak bagus tak ingin lg kstu bagus nginap hotel lain ja,pernah nginap tidak bagus tidak ingin situ bagus nginap hotel lain,Negatif
219,Hotel Dayang Resort Singkawang,Aku pernah ke sana pagi pagi di ajk senan😔 di tempat menanjak🗿,pernah sana pagi ajak senan tempat menanjak,Negatif
220,Hotel Dayang Resort Singkawang,Ada yg BAB njiiir di kolam 🗿,bab kolam,Negatif
221,Hotel Dayang Resort Singkawang,"bng? 3 thn lalu ak kesana trus pas makan kakaknya bilang ""eh bu anaknya 5 tahun ya? makan gratis"" pdhl waktu itu ak kls 2 😭😭",tahun lalu sana makan kakak bilang anak tahun makan gratis kelas,Netral
222,Hotel Dayang Resort Singkawang,ok otw,ok otw,Netral
223,Hotel Dayang Resort Singkawang,alhamdulillah sudah ke sana makanannya enak enak,alhamdulillah sana makanan enak,Positif
224,Hotel Dayang Resort Singkawang,itu bukan nya gerbang bengkayang? soal nya gerbang skw ada kulit nya maaf klo slh,bukan gerbang bengkayang gerbang singkawang kulit maaf salah,Netral
225,Hotel Dayang Resort Singkawang,aku yg orang Singkawang malah belum kesini 😀😀😀 masih bingung arah jalan masuknya,orang singkawang belum sini bingung arah jalan masuk,Negatif
226,Hotel Dayang Resort Singkawang,bang aku pun pernah ke situ pas tadik,pernah situ,Positif
227,Hotel Dayang Resort Singkawang,Alhamdulillah tempat nyak bagus dan sejuk,alhamdulillah tempat bagus sejuk,Positif
228,Hotel Dayang Resort Singkawang,brp tiketnya,berapa tiket,Netral
229,Hotel Dayang Resort Singkawang,Lumayan baguslahh pelayanan nya jak agak kurang gerecep.pesan kopi hitam jakk lama nya minta ampun,lumayan bagus pelayanan kurang cepat pesan kopi hitam lama,Negatif
230,Hotel Dayang Resort Singkawang,wes tau og,tahu,Netral
231,Hotel Dayang Resort Singkawang,dhh pegii dh kmk pas puase sepi mcm kolam pribadi 30 tiket msok e,pergi puasa sepi kolam pribadi tiket masuk,Negatif
232,Hotel Dayang Resort Singkawang,aku suah ke sie,suah,Positif
233,Hotel Dayang Resort Singkawang,aku udah pernah pergi seru banget🥰,pernah pergi seru,Positif
234,Hotel Dayang Resort Singkawang,𝕨𝕠𝕨𝕨𝕨𝕨,wow,Positif
235,Hotel Dayang Resort Singkawang,udah pernah ke situuuu,pernah situ,Positif
236,Hotel Dayang Resort Singkawang,Udh langganan tiap tahun,langganan tahun,Positif
237,Hotel Dayang Resort Singkawang,aku pernah ke situ dengn dengan keluarga aku,pernah situ keluarga,Positif
238,Hotel Dayang Resort Singkawang,aku pernah di situ debus,pernah situ debus,Positif
239,Hotel Dayang Resort Singkawang,aku suah pegi,pernah,Positif
240,Hotel Dayang Resort Singkawang,kenapa baru lewat 🦥,baru lewat,Netral
241,Hotel Dayang Resort Singkawang,ada pantai ngapain kesitu,pantai kesitu,Negatif
242,Hotel Dayang Resort Singkawang,dh pernah ke situu memang sebagus ituu,pernah situ bagus,Positif
243,Hotel Dayang Resort Singkawang,aku kemaren ngerayain ultah ke dayang😁😁😁,kemarin rayakan ulang tahun dayang,Positif
244,Hotel Dayang Resort Singkawang,aku pernah ke situ,pernah situ,Positif
245,Hotel Dayang Resort Singkawang,Aku sering ke dayang resort,sering dayang resort,Positif
246,Hotel Dayang Resort Singkawang,cobe cek vt ak ak ad ke sanak,cek vt sanak,Positif
247,Hotel Dayang Resort Singkawang,sepi banget klo hari biasa,sepi hari biasa,Negatif
248,Hotel Dayang Resort Singkawang,bg aku pernah ke situ,pernah situ,Positif
249,Hotel Dayang Resort Singkawang,lu ilegal bang masa rekam masuk pke drone😭,ilegal rekam masuk drone,Negatif
250,Hotel Dayang Resort Singkawang,paketan 1 malam dua hari berape kak hotel Nye,paket malam hari berapa hotel,Netral
251,Hotel Dayang Resort Singkawang,punye kakek aku,punya kakek,Positif
252,Hotel Dayang Resort Singkawang,makin bagus jirr,makin bagus,Positif
253,Hotel Dayang Resort Singkawang,ak jg suka klok msk k sini💖,suka masuk sini,Positif
254,Hotel Dayang Resort Singkawang,penginapan spil hrga,penginapan spill harga,Netral
255,Hotel Dayang Resort Singkawang,kereeeeen,keren,Positif
256,Hotel Dayang Resort Singkawang,harga penginapan berapa?,harga penginapan berapa,Netral
257,Hotel Dayang Resort Singkawang,ndk sabar nak balik 😂,sabar balik,Positif
258,Hotel Dayang Resort Singkawang,Cuman rebahan aku udah di dayang😂 udh sering di singkawang tapi ga ada main dsitu cumn lewat doang😭,rebahan dayang sering singkawang tidak main situ lewat,Negatif
259,Hotel Dayang Resort Singkawang,hidup 25 tahun diskw gk pernah masuk ke dayang resto🗿,hidup tahun singkawang tidak masuk dayang resto,Negatif
260,Hotel Dayang Resort Singkawang,oke udh ada tepat liburan tinggal uang nya aja,oke liburan tinggal uang,Positif
261,Hotel Dayang Resort Singkawang,udah pernah masuk 2019 😁,pernah masuk,Positif
262,Hotel Dayang Resort Singkawang,Saya asal Kalbar blm pernah ke sini maklum sekarang sdh tinggal d Tangerang,asal kalbar belum sini sekarang tinggal tangerang,Negatif
263,Hotel Dayang Resort Singkawang,Udah lama gk ke Singkawang pas kecil aj waktu SD,lama singkawang kecil sd,Negatif
264,Hotel Dayang Resort Singkawang,saye udah pernah masok bg,pernah masuk,Positif
265,Hotel Dayang Resort Singkawang,bang Cakap Bahase Skw bise ke,cakap bahasa singkawang,Netral
266,Hotel Dayang Resort Singkawang,seruuu nginap di sini kemarin pas ke skw nginap sini,seru nginap sini kemarin singkawang nginap sini,Positif
267,Hotel Dayang Resort Singkawang,"Masya Allah kalbar bayak surga ""tersembunyi 💪👍",masya allah kalbar banyak surga tersembunyi,Positif
268,Hotel Dayang Resort Singkawang,banyak nyamuk katanya,banyak nyamuk,Negatif
269,Hotel Dayang Resort Singkawang,aku udah pernah kesitu seruuu banget sama satu keluarga,pernah situ seru keluarga,Positif
270,Hotel Dayang Resort Singkawang,keren banget 😍,keren,Positif
271,Hotel Dayang Resort Singkawang,yang dari Singkawang bilang hadir,singkawang hadir,Positif
272,Hotel Dayang Resort Singkawang,LET'S MOOTS!💯 AKU BACK SEMUA AFFILIATE TIKTOK! 🙋🏻‍♀️💯💯,moots back affiliate tiktok,Netral
273,Hotel Dayang Resort Singkawang,yang pernah kesini komen dong,pernah sini komen,Positif
274,Hotel Dayang Resort Singkawang,asli Cok gua pernah sini,pernah sini,Positif
275,Hotel Dayang Resort Singkawang,ok feh,ok,Netral
276,Hotel Dayang Resort Singkawang,bang di situ ada liat gelang hitam gak punya ku jatuh di situ🗿,situ lihat gelang hitam jatuh situ,Netral
277,Hotel Dayang Resort Singkawang,ada gw cok dijalan raya karna gw pulang dari pantai geratis mangkanya gw bisa tau karna abang gw liat dron nya 🗿,jalan raya pulang pantai gratis abang lihat drone,Netral
278,Hotel Dayang Resort Singkawang,ak naek perosotan di sanak yg tinggu tu tenggelam teros cok😭😭,naik perosotan sanak tinggi tenggelam,Negatif
279,Hotel Dayang Resort Singkawang,polbac ye bang,polbac,Netral
280,Hotel Dayang Resort Singkawang,di situ tempat gua hampir meninggal ☠️kebawa arus untung ada mbak mbak cina makasih mbak mbak cina yang waktu itu nyelamatin nyawa gua🙏,situ tempat hampir meninggal kebawa arus untung mbak cina terima kasih mbak cina selamatkan nyawa,Positif
281,Hotel Dayang Resort Singkawang,sebut kan kota dalam 1dtk,sebut kota,Netral
282,Hotel Dayang Resort Singkawang,brpa penginapannya 1 hari,berapa penginapan hari,Netral
283,Hotel Dayang Resort Singkawang,penjaga nya kurang sopan ini.tak bisa bawa makanan dari luar.sedang kan di dalam harga makanan 10xlipat,penjaga kurang sopan tidak bisa bawa makanan luar dalam harga makanan lipat,Negatif
284,Hotel Dayang Resort Singkawang,kota amoy,kota amoy,Positif
285,Hotel Dayang Resort Singkawang,spill harga penginapannya?,spill harga penginapan,Netral
286,Hotel Dayang Resort Singkawang,aku nginap di sini kena jait kepala ku jatuh aku di selokan kena batu saat mau naik ke atas pas selesai mandi,nginap sini kena jait kepala jatuh selokan batu naik atas selesai mandi,Negatif
287,Hotel Dayang Resort Singkawang,ada hantu gak,hantu,Negatif
288,Hotel Dayang Resort Singkawang,aku pernah ke situ,pernah situ,Positif
289,Hotel Dayang Resort Singkawang,lh saya lagi di Singkawang 😭😭,singkawang,Positif
290,Hotel Dayang Resort Singkawang,yg pernah pergi angkat tangan,pernah pergi angkat tangan,Positif
291,Hotel Dayang Resort Singkawang,baru balek dri sinik tadik 😁,baru balik sini,Positif
292,Hotel Dayang Resort Singkawang,klo dr Pontianak kesana brpa jam tak sanggup perjalan ny buat mabuk😭,pontianak sana jam tidak sanggup perjalan mabuk,Negatif
293,Hotel Dayang Resort Singkawang,aku pernh kesini pas pertama kali ke kalbar nyamannnn banget banget 🤤,pernah sini pertama kalbar nyaman,Positif
294,Hotel Dayang Resort Singkawang,aku pernah ke sini udah dua kali,pernah sini dua,Positif
295,Hotel Dayang Resort Singkawang,mahal tapi kak,mahal,Negatif
296,Hotel Dayang Resort Singkawang,kalau sewa penginapan berapa kk?,sewa penginapan berapa,Netral
297,Hotel Dayang Resort Singkawang,kalo ke kolam nye brp hrg tiket masuk nye ye,kolam berapa harga tiket masuk,Netral
298,Hotel Dayang Resort Singkawang,aku di masuk nyaa gratissss🥰,masuk gratis,Positif
299,Hotel Dayang Resort Singkawang,kok bisa nyewa speda listrik dimana ya ksih tau donk dekat mana bisa sewa pengen main juga,bisa sewa sepeda listrik mana tahu dekat sewa main,Netral
300,Hotel Dayang Resort Singkawang,bang nanti aku nak pergi ke Singkawang bulan 5 dari Pontianak ke Singkawang mau ke sana ah suruh mama🗿,nanti pergi singkawang bulan pontianak singkawang sana suruh mama,Positif
301,Hotel Dayang Resort Singkawang,aku pernah di situ kegiatan wviiii jujurr baguss benarrr,pernah situ kegiatan bagus,Positif
302,Hotel Dayang Resort Singkawang,depan nya pas liat kayak biasa kak😭,sekali masuk nya beuhh😭😭,depan lihat biasa masuk,Netral
303,Hotel Dayang Resort Singkawang,jasa drone pantai skw berape gess?,jasa drone pantai singkawang berapa,Netral
304,Hotel Dayang Resort Singkawang,aku pernah kesana 2 kali🗿,pernah sana dua,Positif
305,Hotel Dayang Resort Singkawang,gw perna main kolam nya ad permainan lo,main kolam permainan,Positif
306,Hotel Dayang Resort Singkawang,wow keren Singkawang,keren singkawang,Positif
307,Hotel Dayang Resort Singkawang,gw suka kesitu,suka situ,Positif
308,Hotel Dayang Resort Singkawang,gkk sabarr mauuu ke situu🤭😻😻,sabar mau situ,Positif
309,Hotel Dayang Resort Singkawang,eh aku kesitu udah sering soal nya ada rumah aku 🥰🥰,sering situ rumah,Positif
310,Hotel Dayang Resort Singkawang,berape tiket masok ny,berapa tiket masuk,Netral
311,Hotel Dayang Resort Singkawang,dulu sepi🗿,dulu sepi,Negatif
312,Hotel Dayang Resort Singkawang,maju lagi sikitttttt ada tmpat kerja ku🗿,maju tempat kerja,Positif
313,Hotel Dayang Resort Singkawang,sekarang Singkawang banyak yg sakit😔,sekarang singkawang banyak sakit,Negatif
314,Hotel Dayang Resort Singkawang,itu pantai datang aku udah datang 3 kali seru banget arus nya bagus dalam,pantai datang tiga seru arus bagus dalam,Positif
315,Hotel Dayang Resort Singkawang,info harga penginapan Nye bg,info harga penginapan,Netral
316,Hotel Dayang Resort Singkawang,kamek pernah kesanak pas mak kamek liboran satu kantor ke singkawang sekalian tidok sanak,pernah sanak mak liburan kantor singkawang tidur sanak,Positif
317,Hotel Dayang Resort Singkawang,keren kota singkawang,keren kota singkawang,Positif
318,Hotel Dayang Resort Singkawang,ko sepii ?,sepi,Negatif
319,Hotel Dayang Resort Singkawang,habis berpa,habis berapa,Netral
320,Hotel Dayang Resort Singkawang,dulu aku pernah ke situ tapi g tau jga sih soal nya udh lupa lupa dan jg tempat nya mirip,pernah situ tidak tahu lupa tempat mirip,Netral
321,Hotel Dayang Resort Singkawang,ni td pagi ad d sui Kapuas d belakang bank BCA mau jalan2 sama pak Kapolda dan bg Iyan y bg😂🤣😅,pagi sungai kapuas belakang bank bca jalan kapolda iyan,Netral
322,Hotel Dayang Resort Singkawang,saya mandi di kolam arus dapat uang 10000,mandi kolam arus dapat uang,Positif
323,Hotel Dayang Resort Singkawang,aku pernah nginap disitu bagus bgt woyy😫,nginap situ bagus,Positif
324,Hotel Dayang Resort Singkawang,karna gw tinggal di kalbar,tinggal kalbar,Positif
325,Hotel Dayang Resort Singkawang,dh sampai dh,sampai,Positif
326,Hotel Dayang Resort Singkawang,aku pernah ke dayang enakk behh,pernah dayang enak,Positif
327,Hotel Dayang Resort Singkawang,saya sudah pernah pergi,pernah pergi,Positif
328,Hotel Dayang Resort Singkawang,seriap ad kegiatan ortu gw selalu ke sini bejir🗿,setiap kegiatan orang tua selalu sini,Positif
329,Hotel Dayang Resort Singkawang,y sy prn nginap sn pemadangan ny cntik,pernah nginap pemandangan cantik,Positif
330,Hotel Dayang Resort Singkawang,darimane terbang dron tu jaoh benar,terbang drone jauh,Netral
331,Hotel Dayang Resort Singkawang,baru kemarin saya pergi,kemarin pergi,Positif
332,Hotel Dayang Resort Singkawang,tapi di dusun nya banyak semut merah cokkk😭😭😭,dusun banyak semut merah,Negatif
333,Hotel Dayang Resort Singkawang,udah pernah nginap di sana seruu sii luas tempat nya,nginap sana seru luas tempat,Positif
334,Hotel Dayang Resort Singkawang,penginapan bebas bawa pacar nggak?,penginapan bebas bawa pacar,Netral
335,Hotel Dayang Resort Singkawang,aku pernah ke situ sering malahan pas lagi kecil,pernah situ sering kecil,Positif
336,Hotel Dayang Resort Singkawang,masok berapa bayarnye per orang,masuk berapa bayar orang,Netral
337,Hotel Dayang Resort Singkawang,singkwang pulau wisata punya cerite🥰,singkawang pulau wisata cerita,Positif
338,Hotel Dayang Resort Singkawang,gw yg udh k sana pas study tour 😋👆🏻,sana study tour,Positif
339,Hotel Dayang Resort Singkawang,kemaren pas pelantikan adek di singkawang mampir ke dayang resot,kemarin pelantikan adek singkawang mampir dayang resort,Positif
340,Hotel Dayang Resort Singkawang,kami pernah bg saat pergi staditur dari bengkayang samapai singkawang,pernah pergi staditur bengkayang singkawang,Positif
341,Hotel Dayang Resort Singkawang,mantap ya wisata ini,mantap wisata,Positif
342,Hotel Dayang Resort Singkawang,utamakan sirkuit bang🙏,utamakan sirkuit,Positif
343,Hotel Dayang Resort Singkawang,tanggal 9 April pernah kesitu,tanggal april pernah situ,Positif
344,Hotel Dayang Resort Singkawang,spill harga penginapannya bg,spill harga penginapan,Netral
345,Hotel Dayang Resort Singkawang,masuk nya brp bg,masuk berapa,Netral
346,Hotel Dayang Resort Singkawang,keren 🙏,keren,Positif
347,Hotel Dayang Resort Singkawang,cantik,cantik,Positif
348,Hotel Dayang Resort Singkawang,sering dtg tp ngk pernah nginap🤭,sering datang tidak pernah nginap,Negatif
349,Hotel Dayang Resort Singkawang,aku pernah ke situ karena orang singkawang😁,pernah situ orang singkawang,Positif
350,Hotel Dayang Resort Singkawang,mantap TDK mahal masuknya,mantap tidak mahal masuk,Positif
351,Hotel Dayang Resort Singkawang,1 x berenang di sna,berenang sana,Positif
352,Hotel Dayang Resort Singkawang,kami ad situ bang bagus puas aku situ bang 😻,situ bagus puas,Positif
353,Hotel Dayang Resort Singkawang,bg brp masuk nya bg,berapa masuk,Netral
354,Hotel Dayang Resort Singkawang,Udahh pernahh nginepp disinii emangg baguss,pernah nginap sini bagus,Positif
355,Hotel Dayang Resort Singkawang,Hotel ya keren aku kalau liburan sama keluarga pasti stay di dyaang,hotel keren liburan keluarga stay dayang,Positif
356,Hotel Dayang Resort Singkawang,udh 2 kli k situ,dua situ,Positif
357,Hotel Dayang Resort Singkawang,seram nggak sih patung di kolam anak kalo udh malam😂😭,seram patung kolam anak malam,Negatif
358,Hotel Dayang Resort Singkawang,seru tau kalo liburan nya ke @dayangresortsingkawang puas bgtt🥰,seru liburan dayangresortsingkawang puas,Positif
359,Hotel Dayang Resort Singkawang,udah pernah tapi belum pernah main ke situ,pernah belum main situ,Positif
360,Hotel Dayang Resort Singkawang,udah berkali-kali k situ kk,berkali situ,Positif
361,Hotel Dayang Resort Singkawang,aku pernah ke sana kakak,pernah sana,Positif
362,Hotel Dayang Resort Singkawang,dah lama gak kesana,lama tidak sana,Negatif
363,Hotel Dayang Resort Singkawang,hari ini ke dayang resort sama keluarga😆😆,hari dayang resort keluarga,Positif
364,Hotel Dayang Resort Singkawang,dekatt rumah mungkin cuma 10/9 menit ke situ,dekat rumah menit situ,Positif
365,Hotel Dayang Resort Singkawang,ada hotel atau penginapan nya kak?,hotel penginapan,Netral
366,Hotel Dayang Resort Singkawang,aku pernah ke situ nanti aku mau kesitu lagi kk,pernah situ mau situ,Positif
367,Hotel Dayang Resort Singkawang,kak aku pernah pergi kesitu main air,pernah situ main air,Positif
368,Hotel Dayang Resort Singkawang,udah banyak kali aku ke situ seru banget😄,banyak situ seru,Positif
369,Hotel Dayang Resort Singkawang,dayang resort lengkap lalu coyy🗿,dayang resort lengkap,Positif
370,Hotel Dayang Resort Singkawang,baru aja kemaren pulang dari situ😄habis liburan,seru ngett,baru kemarin pulang situ liburan seru,Positif
371,Hotel Dayang Resort Singkawang,1 tiket 40 ya gaes bukan 35 😁,tiket bukan,Netral
372,Hotel Dayang Resort Singkawang,udh pernah ke sana EMG seru banget pas ke sini,pernah sana seru sini,Positif
373,Hotel Dayang Resort Singkawang,pengen pergi tempat nya deh,pengen pergi tempat,Positif
374,Hotel Dayang Resort Singkawang,Klau berenang bayr nya berapa,berenang bayar berapa,Netral
375,Hotel Dayang Resort Singkawang,Kemaren baru kesini bawa keluarga besar nginep juga d situ. Seruuuuu hihi,kemarin sini bawa keluarga besar nginap situ seru,Positif
376,Hotel Dayang Resort Singkawang,Dayan resort GK jauh dari rumah saya,dayang resort tidak jauh rumah,Positif
377,Hotel Dayang Resort Singkawang,mantap,mantap,Positif
378,Hotel Dayang Resort Singkawang,Ade pantai nye ndk disanak ?,pantai tidak sanak,Netral
379,Hotel Dayang Resort Singkawang,itu sih kolam renang kakek ku,kolam renang kakek,Positif
380,Hotel Dayang Resort Singkawang,skw ye ii kmk. pernah ke sanak😋mampir ke karimunting kak,singkawang pernah sanak mampir karimunting,Positif
381,Hotel Dayang Resort Singkawang,wao semoga bisa segera,wao semoga segera,Positif
382,Hotel Dayang Resort Singkawang,ada kolam renang baru lagi ka soalnya THN kmaren disini blm ada,kolam renang baru tahun kemarin sini belum,Positif
383,Hotel Dayang Resort Singkawang,"bakal coba nginep di sana brg kluarga rame""😍😍",coba nginap sana keluarga ramai,Positif
384,Hotel Dayang Resort Singkawang,itu di singkawang,singkawang,Positif
385,Hotel Dayang Resort Singkawang,aku waktu itu nginap 4 hari seru banget lo,nginap hari seru,Positif
386,Hotel Dayang Resort Singkawang,kak aku pernah di situ loh,pernah situ,Positif
387,Hotel Dayang Resort Singkawang,villa nya hrga brp kk,villa harga berapa,Netral
388,Hotel Dayang Resort Singkawang,saya pernah kesini Kk cantik banget tempatnya di jamin pasti seru,pernah sini cantik tempat jamin seru,Positif
389,Hotel Dayang Resort Singkawang,ak waktu itu kesana🤣sewa pelampung 🤣krna tk bsa renang. tpi seru🤭,waktu sana sewa pelampung tidak bisa renang seru,Positif
390,Hotel Dayang Resort Singkawang,kak saya udah lama kok disini 🥰 seru🥰🥰🥰,lama sini seru,Positif
391,Hotel Dayang Resort Singkawang,belum tau mio Mirza,belum tahu mio mirza,Netral
392,Hotel Dayang Resort Singkawang,udah pernah kesana bareng keluarga,pernah sana keluarga,Positif
393,Hotel Dayang Resort Singkawang,aku udh sering banget ke situ soal ya seruu 🤩🤩,sering situ seru,Positif
394,Hotel Dayang Resort Singkawang,seru banget kak🥰,seru,Positif
395,Hotel Dayang Resort Singkawang,kak itu 35k udah komplit bs main prosotan juga?,komplit main prosotan,Netral
396,Hotel Dayang Resort Singkawang,buka jam brp ini kak,buka jam berapa,Netral
397,Hotel Dayang Resort Singkawang,Bole bawak makanan gak?,boleh bawa makanan,Netral
398,Hotel Dayang Resort Singkawang,kk aku pernah pergi ke sana,pernah pergi sana,Positif
399,Hotel Dayang Resort Singkawang,pakai waktu kah kak,pakai waktu,Netral
400,Hotel Dayang Resort Singkawang,kemaren ke situu wkwk,kemarin situ,Positif
401,Hotel Dayang Resort Singkawang,makanan murah,makanan murah,Positif
402,Hotel Dayang Resort Singkawang,aku udh pernahhh ngineppp seruu bgttt,pernah nginap seru,Positif
403,Hotel Dayang Resort Singkawang,gk ad pantai nya ya?,tidak pantai,Negatif
404,Hotel Dayang Resort Singkawang,seru ye buk Kate tya,seru,Positif
405,Hotel Dayang Resort Singkawang,kak aku di peresotan merah putih aku duduk di depan,peresotan merah putih duduk depan,Positif
406,Hotel Dayang Resort Singkawang,akuu pernah di situuu seruuu bgtt kualitas baguss waktu kegiatan wvi,pernah situ seru kualitas kegiatan,Positif
407,Hotel Dayang Resort Singkawang,sudah merasakan kk,merasakan,Positif
408,Hotel Dayang Resort Singkawang,oo dkat rindam tu kh,dekat rindam,Positif
409,Hotel Dayang Resort Singkawang,ada kolam khusus org dewasa kh kk contohnya kolam yg paling dalam gituk?!!,kolam khusus dewasa kolam dalam,Netral
410,Hotel Dayang Resort Singkawang,aku nanti jalan jalan sekelas ke dayang resort 🤭🤭🤭,nanti jalan sekelas dayang resort,Positif
411,Hotel Dayang Resort Singkawang,Seru banget kak😍,seru,Positif
412,Hotel Dayang Resort Singkawang,tiket masuk brp kak,tiket masuk berapa,Netral
413,Hotel Dayang Resort Singkawang,anak & dewasa sma ka tiket masuk nya,anak dewasa tiket masuk,Netral
414,Hotel Dayang Resort Singkawang,pernah nginap disini emang sebagus itulohh😭✨,nginap sini bagus,Positif
415,Hotel Dayang Resort Singkawang,Otw besok 💨 dayang resort singkawang,otw besok dayang resort singkawang,Positif
416,Hotel Dayang Resort Singkawang,emg seseru itu dulu sempet nginap dn bagus bngt fasilitas nya,seru nginap bagus fasilitas,Positif
417,Hotel Dayang Resort Singkawang,berapa tiket nya ya?,berapa tiket,Netral
418,Hotel Dayang Resort Singkawang,nginap nya berapaaa,nginap berapa,Netral
419,Hotel Dayang Resort Singkawang,terimakasih kak udah pidiokan kamek,terima kasih video,Positif
420,Hotel Dayang Resort Singkawang,aku udah pernah 🙌🏻🙌🏻,pernah,Positif
421,Hotel Dayang Resort Singkawang,jujur li seru banget,seru,Positif
422,Hotel Dayang Resort Singkawang,mines ya cuma gak boleh bawa makanan kalo boleh bawa makanan pasti lebih banyak pengunjung🙏,minus tidak boleh bawa makanan boleh bawa makanan banyak pengunjung,Negatif
423,Hotel Dayang Resort Singkawang,sabtu sya nginap sini sekalian libjran sma anak'x nginap di rusun pas mlam mingguan 🥰,sabtu nginap sini liburan anak nginap rusun malam minggu,Positif
424,Hotel Dayang Resort Singkawang,aku kelelep di kolam arus 😭,kelelep kolam arus,Negatif
425,Hotel Dayang Resort Singkawang,aku pernah ke situ mungkin dari ponti ke sana jauh tapi gpp tempatnya bagus poll pengen ke situ lagii,pernah situ pontianak sana jauh tempat bagus pengen situ,Positif
426,Hotel Dayang Resort Singkawang,berapa harga tiket masuknya pas weekend ni mbak?,harga tiket masuk weekend,Netral
427,Hotel Dayang Resort Singkawang,tiket utk anak usia 7th ama 3th berapa?,tiket anak tahun berapa,Netral
428,Hotel Dayang Resort Singkawang,aku pernah ke situ,pernah situ,Positif
429,Hotel Dayang Resort Singkawang,"waktu itu aku ke dayang merasa premium gara"" sepi",waktu dayang premium sepi,Positif
430,Hotel Dayang Resort Singkawang,Aa tadi ke sini cuman nda ke rekam😭😭,tadi sini tidak rekam,Negatif
431,Hotel Dayang Resort Singkawang,kalau dak berenanh bayar juga k min,tidak berenang bayar,Netral
432,Hotel Dayang Resort Singkawang,siapa yang udah pernah ke pantai resort,pernah pantai resort,Positif
433,Hotel Dayang Resort Singkawang,seru bgt aku udah pernah pergi!,seru pernah pergi,Positif
434,Hotel Dayang Resort Singkawang,besok msi ke min hrge nye sgtu?,besok harga,Netral
435,Hotel Dayang Resort Singkawang,harga tiketnya sangat worth-it guyss jangan lupa mampir ke dayang resort ya guyss views nya bagus bangett🤗,harga tiket worth mampir dayang resort view bagus,Positif
436,Hotel Dayang Resort Singkawang,dah sering min waktu tu saye pegi pagi pagi sepi nak mampus cuman Ade bule yak mungkin die nginap di resort nye,sering pergi pagi sepi bule nginap resort,Positif
437,Hotel Dayang Resort Singkawang,bise bawa makanan ke,bisa bawa makanan,Netral
438,Hotel Dayang Resort Singkawang,35 k tu utk brp lama min?,ribu berapa lama,Netral
439,Hotel Dayang Resort Singkawang,sudah termasuk permainan ka,termasuk permainan,Netral
440,Hotel Dayang Resort Singkawang,gara gara nginep di sayang reset 😭 dpt nomor cece cece Singkawang 😭😂,nginap sayang reset dapat nomor cece singkawang,Positif
441,Hotel Dayang Resort Singkawang,pas itu kami pergi serasa sewa sepi pengunjung gara gara hujan 😭😭🙏 bukan bilang sepi ya 😭🙏,pergi sewa sepi pengunjung hujan,Negatif
442,Hotel Dayang Resort Singkawang,Gw baru saja pulang dari sana bersama keluarga besar ada 42 org. Bahkan gw yg bayarin semuanya 😎,pulang sana keluarga besar orang bayar,Positif
443,Hotel Dayang Resort Singkawang,kangen maain prosotan 😔🙇,kangen main prosotan,Positif
444,Hotel Dayang Resort Singkawang,ini di mana ka?,mana,Netral
445,Hotel Dayang Resort Singkawang,GUYSS KALIAN HARUS KESITUU BENER BENER SERU BGTT😭 APA LAGI YG KOLAM ARUS GILAAAAAAA MURAH LAGI😭🙏,harus situ seru kolam arus murah,Positif
446,Hotel Dayang Resort Singkawang,iii kangen banget nginap disanaa main disana,kangen nginap sana main sana,Positif
447,Hotel Dayang Resort Singkawang,masuknya 35k sama mau mndi byr lagi ga kak?,masuk ribu mandi bayar lagi,Netral
448,Hotel Dayang Resort Singkawang,kalau blh tau msuk nya berapa ya kk,masuk berapa,Netral
449,Hotel Dayang Resort Singkawang,min,berarti mandi di kolam nya gk bayar ya?,mandi kolam tidak bayar,Netral
450,Hotel Dayang Resort Singkawang,harga kamar dsna berapa ya min,harga kamar berapa,Netral
451,Hotel Dayang Resort Singkawang,ak mah setiap kali k sini selalu gratis,sini gratis,Positif
452,Hotel Dayang Resort Singkawang,min kalau bawa bekal dari rumah boleh kah,bawa bekal rumah boleh,Netral
453,Hotel Dayang Resort Singkawang,kemarin dateng ke sini nginep 1 hari seru bgt pls😭,kemarin datang sini nginap hari seru,Positif
454,Hotel Dayang Resort Singkawang,kalo hanya pergi berenang berapa kk,berenang berapa,Netral
455,Hotel Dayang Resort Singkawang,kalau nginap berapa,nginap berapa,Netral
456,Hotel Dayang Resort Singkawang,saran tambahin lagi wahana nya bosan itu itu aja @dayangresortsingkawang,saran tambah wahana bosan,Negatif
457,Hotel Dayang Resort Singkawang,Murah banget dengan seindah ini,murah indah,Positif
458,Hotel Dayang Resort Singkawang,sampai tanggal brp minn😋,sampai tanggal,Netral
459,Hotel Dayang Resort Singkawang,min tiket 35.000 itu termasuk tiket masuk atau tiket berenang mini,tiket ribu termasuk tiket masuk berenang mini,Netral
460,Hotel Dayang Resort Singkawang,Ade ape ajak kak di dayang resort,dayang resort,Positif
461,Hotel Dayang Resort Singkawang,udah pernah kesini pliss seru banget rasanya gamau pulang🥰 hanya saja gaboleh bawa makanan berat tapi kalo cemilan atau makanan ringan lainnya masih boleh kok asal ga buang sampah sembarangan aja itu dilakukan untuk menjaga kenyamanan dan kebersihan pengunjung juga jadi bukan minus ya,pernah sini seru tidak mau pulang tidak boleh bawa makanan berat cemilan makanan ringan boleh buang sampah menjaga kenyamanan kebersihan pengunjung bukan minus,Positif
462,Hotel Dayang Resort Singkawang,gw kemren baru ke situ😭,kemarin situ,Positif
463,Hotel Dayang Resort Singkawang,🗿gw pernah kesitu tapi itu dulu,pernah situ dulu,Positif
464,Hotel Dayang Resort Singkawang,ini mau kesane sekarang agk dijalan 😭,mau sana jalan,Positif
465,Hotel Dayang Resort Singkawang,kufikir masi kek dulu yg harus sewa kamar dulu baru bisa main 😭,pikir dulu sewa kamar baru main,Positif
466,Hotel Dayang Resort Singkawang,aku dah masuk kesitu seru banget,masuk situ seru,Positif
467,Hotel Dayang Resort Singkawang,ak pernah kesana kolam arus nya seru banget wort it bgt 🥰🥰,pernah sana kolam arus seru worth,Positif
468,Hotel Dayang Resort Singkawang,serius 35k,serius ribu,Netral
469,Hotel Dayang Resort Singkawang,Baru balik dari situ tadi sore.. seruu poll deh,baru balik situ sore seru,Positif
470,Hotel Dayang Resort Singkawang,mines nya jauh 😭😭,minus jauh,Negatif
471,Hotel Dayang Resort Singkawang,Seru banget pokoknya 🔥,seru,Positif
472,Hotel Dayang Resort Singkawang,aku udah semalam,semalam,Positif
473,Hotel Dayang Resort Singkawang,hotel satu kama satu juta lebih kak,hotel satu kamar juta lebih,Netral
474,Hotel Dayang Resort Singkawang,iii jdi pgn kesnak agik laa kmek pegi pas tour yak tu🗿,pengen sanak lagi pergi tour,Positif
475,Hotel Dayang Resort Singkawang,ak udah pernah ke sana sama temn ku sumpah seru bangettt,pernah sana teman seru,Positif
476,Hotel Dayang Resort Singkawang,seru jujur disana,seru sana,Positif
477,Hotel Dayang Resort Singkawang,jd pngn sni agik,pengen sini,Positif
478,Hotel Dayang Resort Singkawang,seru banget min,aku udh ke situ 7×,dan pastinya SERUUUUUUUUUUUUUUUUUUUUUUU BANGET,pokonya mantep deh aku nilai untuk dayang resort ini 1000/10🔥,seru situ tujuh mantep nilai dayang resort,Positif
479,Hotel Dayang Resort Singkawang,aku udh pernah pergi sana,pernah pergi sana,Positif
480,Hotel Dayang Resort Singkawang,udahh pernah kesitu,pernah situ,Positif
481,Hotel Dayang Resort Singkawang,udh pernah ke situ min dn sepat jatoh juga🤣😁,pernah situ sepatu jatuh,Positif
482,Hotel Dayang Resort Singkawang,udh pernah seru banget apa lagi main sama temen yg belum dateng wajib dateng sh seru bett,pernah seru main teman belum datang wajib datang seru,Positif
483,Hotel Dayang Resort Singkawang,bang aku udh perna ke dayang resot seru baget sumpah seseru itu main nya gak mau berenti,pernah dayang resort seru main tidak mau berhenti,Positif
484,Hotel Dayang Resort Singkawang,udah pernah kesini,pernah sini,Positif
485,Hotel Dayang Resort Singkawang,say pernah kesitu seru banget tapi pas mau kesana lagi malah macet jadi nya ga jadi😌,pernah situ seru mau sana macet tidak jadi,Positif
486,Hotel Dayang Resort Singkawang,saya naik di perusotan kuning dan biru seru banget,naik perosotan kuning biru seru,Positif
487,Hotel Dayang Resort Singkawang,aku udah ke sana 3/4 kali,tiga empat kali,Positif
488,Hotel Dayang Resort Singkawang,biasa nya kalo ada acara RSUD pmk saya nginap disini,biasa acara rsud pmk nginap sini,Positif
489,Hotel Dayang Resort Singkawang,udah beberapa kali masuk ke pantai dayang dan ga pernah bosennn,beberapa masuk pantai dayang tidak bosan,Positif
490,Hotel Dayang Resort Singkawang,kalau nginap byar lagi gk?,nginap bayar,Netral
491,Hotel Dayang Resort Singkawang,ak tdi sore disini plisss disni seru bgtt kolam nya ada yang dalem ada yang dangkal jugabisa sewa sepeda listrik pelampung jugaatempat santainya itu lohh yang seruuudisini kita bisa jalan jalan jg,sore sini seru kolam dalam dangkal sewa sepeda listrik pelampung tempat santai jalan,Positif
492,Hotel Dayang Resort Singkawang,ak waktu itu nginap di situ seru nagut plsssssss ada dinner nye pulaa pas ad undangan dr dinas2 tuuu,nginap situ seru dinner undangan dinas,Positif
493,Hotel Dayang Resort Singkawang,pernah sekali,pernah,Positif
494,Hotel Dayang Resort Singkawang,itu pernah aku ke situ itu kolam pantai dayang kannnn,pernah situ kolam pantai dayang,Positif
495,Hotel Dayang Resort Singkawang,kak saya pernah ke situ seru bgt,pernah situ seru,Positif
496,Hotel Dayang Resort Singkawang,oke bagus udah pergi🥰,oke bagus pergi,Positif
497,Hotel Dayang Resort Singkawang,dulu ak nginap di stuk,nginap stuk,Positif
498,Hotel Dayang Resort Singkawang,serius nnyak nie Kka uang masuk nya brpa perkepala Kka anak anak sama dewasa sama kah kka,serius uang masuk berapa kepala anak dewasa sama,Netral
499,Hotel Dayang Resort Singkawang,keren bget tptnya kk,keren tempat,Positif
500,Hotel Dayang Resort Singkawang,aku kalo liburan ke dayang terus aku pernah nginep juga kolam nya banyak best banget deh pokoknya,liburan dayang nginap kolam banyak best,Positif
501,Hotel Dayang Resort Singkawang,harus reservasi kah klo mau berenang atau langsung datang aja,reservasi berenang langsung datang,Netral
502,Hotel Dayang Resort Singkawang,Udh 2 x min main ke situ,," salam dari Ngabang 😁",dua main situ salam ngabang,Positif
503,Hotel Dayang Resort Singkawang,kalau hari sabtu apakah biayanya sama kak 35rb juga,sabtu biaya sama ribu,Netral
504,Hotel Dayang Resort Singkawang,BG aku mau otw ke situ Sabtu tnggl 12 juli 😁✌️,otw situ sabtu juli,Positif
505,Hotel Dayang Resort Singkawang,aku juga ke sini juga seru,sini seru,Positif
506,Hotel Dayang Resort Singkawang,Kalau weekend brp?,weekend berapa,Netral
507,Hotel Dayang Resort Singkawang,kolam balita ada kan,kolam balita,Netral
508,Hotel Dayang Resort Singkawang,itu 35k bisa masuk semua wahana air??,ribu masuk semua wahana air,Netral
509,Hotel Dayang Resort Singkawang,berlaku sampai kapan kak,berlaku sampai kapan,Netral
510,Hotel Dayang Resort Singkawang,baru aja tadi pulang dari penginapan dayang resort😅,baru pulang penginapan dayang resort,Positif
511,Hotel Dayang Resort Singkawang,kalo tamu hotel bayar jg 35k min ?,tamu hotel bayar ribu,Netral
512,Hotel Dayang Resort Singkawang,hr Minggu brp tiket ye,minggu berapa tiket,Netral
513,Hotel Dayang Resort Singkawang,kalau kepantai nya gk bayar lagi lan kk,pantai tidak bayar,Netral
514,Hotel Dayang Resort Singkawang,pengen ke sini agik 😓,pengen sini,Positif
515,Hotel Dayang Resort Singkawang,kami dari tim setda sanggau baru ke sini minggu kemarin,,," sangatt seru dan asyiilk👍👍",tim setda sanggau sini minggu seru asyik,Positif
516,Hotel Dayang Resort Singkawang,lagi otw to dayang resort min hari ini,otw dayang resort hari,Positif
517,Hotel Dayang Resort Singkawang,kemarin udah kesitu min dapat pelampung gratis dari orang☺️,kemarin situ dapat pelampung gratis,Positif
518,Hotel Dayang Resort Singkawang,buka jam berapa ya kolam renang,buka jam kolam renang,Netral
519,Hotel Dayang Resort Singkawang,bang itu per orang ke atau 1 keluarga,per orang keluarga,Netral
520,Hotel Dayang Resort Singkawang,kesini ga sewa villa / swimming aja boleh ga min,brp per orang min ayo jawab,sini tidak sewa villa swimming boleh berapa orang,Netral
521,Hotel Dayang Resort Singkawang,kalo tanggal merah harga naik kah min,tanggal merah harga naik,Netral
522,Hotel Dayang Resort Singkawang,pernah hampir tenggelam gara² lompat ke air yg dalam,hampir tenggelam lompat air dalam,Negatif
523,Hotel Dayang Resort Singkawang,jadi pengen ke kolam renang 😭,pengen kolam renang,Positif
524,Hotel Dayang Resort Singkawang,paling takut kalo naik prosotan tapi langsung terjun ke kolamnya kecuali kolamnya yg dangkal😭,takut naik prosotan terjun kolam dangkal,Negatif
525,Hotel Dayang Resort Singkawang,jdi pgn ke kolam renang😭😭,pengen kolam renang,Positif
526,Hotel Dayang Resort Singkawang,dayang mmng seseru ituuu woyyyyyyyy kalian harus cobaaa dahh,dayang seru harus coba,Positif
527,Hotel Dayang Resort Singkawang,mba belum nyobain kolam renang 3 bintang firdaus ya😭😭🙏,belum coba kolam renang bintang firdaus,Positif
528,Hotel Dayang Resort Singkawang,bukan kolam renang lah itu tu hotel di singkawang namany-,bukan kolam renang hotel singkawang,Netral
529,Hotel Dayang Resort Singkawang,aku nginep disitu,nginap situ,Positif
530,Hotel Dayang Resort Singkawang,aku pernah kesitu malahan sering soalnya aku tinggal di singkawang 😁✨,pernah situ sering tinggal singkawang,Positif
531,Hotel Dayang Resort Singkawang,dalem ga itu mbak ??? kalo ga bisa berenang takut kelelep,dalam tidak bisa berenang takut kelelep,Negatif
532,Hotel Dayang Resort Singkawang,pliss itu seru kalii,seru,Positif
533,Hotel Dayang Resort Singkawang,air masuk ke dlm idung tu gaenak☺️,air masuk hidung tidak enak,Negatif
534,Hotel Dayang Resort Singkawang,terlalu semngtt😁,terlalu semangat,Positif
535,Hotel Dayang Resort Singkawang,haa,datang resort emang seruu😁,datang resort seru,Positif
536,Hotel Dayang Resort Singkawang,di vidio GK begitu laju nya TPI pas nyobain😵,video tidak laju coba,Negatif
537,Hotel Dayang Resort Singkawang,kak pasti itu di datang resot,datang resort,Positif
538,Hotel Dayang Resort Singkawang,pasti di singkawang,singkawang,Positif
539,Hotel Dayang Resort Singkawang,gue yang naik nya nyungsruk terus anying,naik nyungsruk,Negatif
540,Hotel Dayang Resort Singkawang,aku perna pergi situ waktu tur SD,pergi situ tur sd,Positif
541,Hotel Dayang Resort Singkawang,pernah ke sayang bener bener perosotan tuh kenceng bgt sampe air masuk idung😭,pernah sayang perosotan kenceng air masuk hidung,Negatif
542,Hotel Dayang Resort Singkawang,kakkk aku orang singkawang,orang singkawang,Positif
543,Hotel Dayang Resort Singkawang,jd kangen singkawang😅,kangen singkawang,Positif
544,Hotel Dayang Resort Singkawang,kayak tempat kolam renang diwan smaa fikrifadlu🙂,tempat kolam renang diwan,Netral
545,Hotel Dayang Resort Singkawang,kolam renang singkawang,kolam renang singkawang,Positif
546,Hotel Dayang Resort Singkawang,PLS WAKTU DI DAYANG SEMPAT JUNGKIR BALIK 😭😭,dayang jungkir balik,Negatif
547,Hotel Dayang Resort Singkawang,berkali kali aku naik itu,berkali naik,Positif
548,Hotel Dayang Resort Singkawang,itu aku tau tempatnya,tahu tempat,Positif
549,Hotel Dayang Resort Singkawang,aku dulu. dah pernah kesitu,pernah situ,Positif
550,Hotel Dayang Resort Singkawang,wah dimane tok e ?,mana,Netral
551,Hotel Dayang Resort Singkawang,kak kemaren aku juga ke situ naik pelosotan pelampung juga,kemarin situ naik perosotan pelampung,Positif
552,Hotel Dayang Resort Singkawang,woilah keinget sama temen pernah gini juga😭😭,ingat teman,Positif
553,Hotel Dayang Resort Singkawang,Aku pernah ke situ,pernah situ,Positif
554,Hotel Dayang Resort Singkawang,ak kayak prnh prgi? 😭😭,pernah pergi,Positif
555,Hotel Dayang Resort Singkawang,Pernah ke sini pas reuni keluarga salam dari Pontianak,pernah sini reuni keluarga salam pontianak,Positif
556,Hotel Dayang Resort Singkawang,Singkawang jalan apa tu kakk,singkawang jalan,Netral
557,Hotel Dayang Resort Singkawang,Aku baru habis dari dayang kemaren tapi udh pulang sumpah dayang indah bagt and bagus bgt pelayanan nya juga ok🤩,habis dayang kemarin pulang dayang indah bagus pelayanan ok,Positif
558,Hotel Dayang Resort Singkawang,gw pernah kesitu di singkawang,pernah situ singkawang,Positif
559,Hotel Dayang Resort Singkawang,dayang emang seseru itu woy,dayang seru,Positif
560,Hotel Dayang Resort Singkawang,anjir... gua pernah mimpiin kolam renang persis gini😭,pernah mimpi kolam renang,Positif
561,Hotel Dayang Resort Singkawang,cuba pakai lagu meletus balon hijau DOR🗿,coba lagu meletus balon hijau,Netral
562,Hotel Dayang Resort Singkawang,kolam mna tu,kolam mana,Netral
563,Hotel Dayang Resort Singkawang,kak aku penah ke situ,pernah situ,Positif
564,Hotel Dayang Resort Singkawang,kami pernah ke sana😅,pernah sana,Positif
565,Hotel Dayang Resort Singkawang,"kamus""😁,kamus,Netral
566,Hotel Dayang Resort Singkawang,Aku juga pernah terpental di situk cume aku dk tebalik 😭😭😭😭,pernah terpental situk tidak tebalik,Negatif
567,Hotel Dayang Resort Singkawang,aku per nah ke sana sama teman teman dan guru,pernah sana teman guru,Positif
568,Hotel Dayang Resort Singkawang,itukan di dayang,dayang,Positif
569,Hotel Dayang Resort Singkawang,aku pernah kesitu pasti itu yang pantai nya kan? bukan pantai sih tapi ada pasir² nya gt kan??,pernah situ pantai pasir,Positif
570,Hotel Dayang Resort Singkawang,tempat ku biasa berenang😅,tempat biasa berenang,Positif
571,Hotel Dayang Resort Singkawang,aku pernah ke situ lima kali,pernah situ lima,Positif
572,Hotel Dayang Resort Singkawang,dayang reso,dayang,Positif
573,Hotel Dayang Resort Singkawang,ka? aku gapapa?,gapapa,Netral
574,Hotel Dayang Resort Singkawang,singa purlen,singa purlen,Netral
575,Hotel Dayang Resort Singkawang,gw dulu kecil tengelam di dayang resort,kecil tenggelam dayang resort,Negatif
576,Hotel Dayang Resort Singkawang,jerpental terjungkal kejebur,terpental terjungkal kejebur,Negatif
577,Hotel Dayang Resort Singkawang,sabar yok sabar 9 hari lagiii,sabar hari,Positif
578,Hotel Dayang Resort Singkawang,gua pernah ke datang resot dengan keluarga,pernah datang resort keluarga,Positif
579,Hotel Dayang Resort Singkawang,saya pernah ke dayang resort,pernah dayang resort,Positif
580,Hotel Dayang Resort Singkawang,saya sudah pernah kesitu di Singkawang kan saya orang sambas,pernah situ singkawang orang sambas,Positif
581,Hotel Dayang Resort Singkawang,seringg😭,sering,Positif
582,Hotel Dayang Resort Singkawang,agak dalam kan KK waktu iye kamek terantok🗿,dalam terantok,Negatif
583,Hotel Dayang Resort Singkawang,ahhahaha 😭 lucu😐,lucu,Positif
584,Hotel Dayang Resort Singkawang,kak itu pasti di dayang kan hari itu saya naiknya ada juga jatuh ad a juga tidak,dayang naik jatuh,Positif
585,Hotel Dayang Resort Singkawang,Kamus,kamus,Netral
586,Hotel Dayang Resort Singkawang,dtang agak mahal tapi wort it lh yaww 35 tapi gk tau skrg brp masih 35 Tah apa aju paling suka Ama kolam arus nya uhh,datang mahal worth belum tahu sekarang masih suka kolam arus,Positif
587,Hotel Dayang Resort Singkawang,gw pernah ke situ,pernah situ,Positif
588,Hotel Dayang Resort Singkawang,pernah kesitu perosotan nya licin jantungan gua🗿,pernah situ perosotan licin,Negatif
589,Hotel Dayang Resort Singkawang,Fyp kak😂,fyp,Netral
590,Hotel Dayang Resort Singkawang,dayang resort itu kak aku pernah kesana seru bgt,dayang resort pernah sana seru,Positif
591,Hotel Dayang Resort Singkawang,kak aku udah pergi ke hotel Danyang,pernah hotel dayang,Positif
592,Hotel Dayang Resort Singkawang,ahir th 2022 lburan k sni,, wlaupun cma 3 hri2 mlm ,tpi pngen lgi😅,akhir tahun liburan sini hari malam pengen,Positif
593,Hotel Dayang Resort Singkawang,𝒊𝒕𝒖 𝒌𝒂𝒏 𝒅𝒊 𝒔𝒊𝒏𝒈𝒌𝒂𝒘𝒂𝒏𝒈,singkawang,Positif
594,Hotel Dayang Resort Singkawang,aku pernah kesana,pernah sana,Positif
595,Hotel Dayang Resort Singkawang,udah kesana gw naik itu smpe salto anj pala gw pusing bgt[cry][cry][cry],sana naik salto pusing,Negatif
596,Hotel Dayang Resort Singkawang,udh pernah naik pas turun nya ngeri bett anjay😭😭,pernah naik turun ngeri,Negatif
597,Hotel Dayang Resort Singkawang,min coba buat sewa drone atau fotografer ada pasti enak😂.,coba sewa drone fotografer enak,Positif
598,Hotel Dayang Resort Singkawang,indah banget🥺❤️,indah,Positif
599,Hotel Dayang Resort Singkawang,cantik nyaaa 😍,cantik,Positif
600,Hotel Dayang Resort Singkawang,keren banget yaaaa,keren,Positif
601,Hotel Dayang Resort Singkawang,ga sabar pulang pengen kesini😭,sabar pulang pengen sini,Positif
602,Hotel Dayang Resort Singkawang,di tunggu besok yaa kami kunjungan nyaa😍😍😍,tunggu besok kunjungan,Positif
603,Hotel Dayang Resort Singkawang,min berapa kalau cuman berenang min,berapa berenang,Netral
604,Hotel Dayang Resort Singkawang,untuk permalamnya brp ya min klo nginap 🙏,per malam berapa nginap,Netral
605,Hotel Dayang Resort Singkawang,makanannya enak2🥰..,makanan enak,Positif
606,Hotel Dayang Resort Singkawang,misal main ke dayang gak nginap akses masuknya sampe bagian mana aja min?,main dayang tidak nginap akses masuk bagian,Netral
607,Hotel Dayang Resort Singkawang,emg bgs bgt jir pemandangan nya waktu itu aku ke situ😭😭,bagus pemandangan waktu situ,Positif
608,Hotel Dayang Resort Singkawang,Nyesel ga bikin video bny di sini waktu nginep ga videoin makanannya yg super lezatos ih rasa mau nanges😭😭,nyesel tidak bikin video sini nginap tidak video makanan lezatos,Negatif
609,Hotel Dayang Resort Singkawang,Do'ain mobil aku bener ABIS ITU MAU KESANAA😭😭,doa mobil benar mau sana,Positif
610,Hotel Dayang Resort Singkawang,gak pernah bosan ke sini.. mungkin udah 5 6x bw anak2 liburan d sini..,tidak pernah bosan sini enam bawa anak liburan sini,Positif
611,Hotel Dayang Resort Singkawang,nanti kalo pas aku stadituor aku kesana mau berenang breng teman ²,nanti stadituor sana berenang teman,Positif
612,Hotel Dayang Resort Singkawang,bsk insyaallah kesini,besok insyaallah sini,Positif
613,Hotel Dayang Resort Singkawang,selalu mempesona 🔥🔥🔥,selalu mempesona,Positif
614,Hotel Dayang Resort Singkawang,kk pasti udh tau saya kembar tiga pernah ke situ,tahu kembar tiga pernah situ,Positif
615,Hotel Dayang Resort Singkawang,hallo saya udh pernah ya brp kali😅,pernah berapa,Positif
616,Hotel Dayang Resort Singkawang,Minggu kemarin niat nya ke Dayang tapi ga ketemu alamatnya jadi nyasar ke kayangan,minggu niat dayang tidak ketemu alamat nyasar kayangan,Negatif
617,Hotel Dayang Resort Singkawang,Selain liburan jg mau ngerasain suasana cina nya,liburan mau rasakan suasana cina,Positif
618,Hotel Dayang Resort Singkawang,lagi cari2 nie... apa aja keunggulannya. spill dong...,cari keunggulan spill,Netral
619,Hotel Dayang Resort Singkawang,MEMANG LAH DAYANG TOK E DOLOK KE KITE SEPIII LALU DAAN ADE PERMAINAN CUME ADE PEROSOTAN LAH SEKARANG ADE BANYAKK😡😡😡🥀🙏🏻,dayang sepi permainan perosotan sekarang banyak,Negatif
620,Hotel Dayang Resort Singkawang,ud brp x ksn...t4 nyaman da asri sx...,berapa sana tempat nyaman asri,Positif
621,Hotel Dayang Resort Singkawang,saye udh 3 kali k kolam dayang resort suke mandi di sie ape agk kolam arus nye,tiga kolam dayang resort suka mandi kolam arus,Positif
622,Hotel Dayang Resort Singkawang,upload pas tim adicitia mulia Pontianak dong,,tanggal 3 ada kesana,upload tim adicitia mulia pontianak tanggal sana,Positif
623,Hotel Dayang Resort Singkawang,tempat nya bagus dan murah murah sekali. masuk 35.000/orang. pelampung besar 30.000 dan kecil 20.000 pakai sepuas nya.,tempat bagus murah masuk ribu orang pelampung besar ribu kecil ribu pakai sepuas,Positif
624,Hotel Dayang Resort Singkawang,mau yang waw 1.000.000 ke atas buat 1 keluarga.,mau juta atas keluarga,Netral
625,Hotel Dayang Resort Singkawang,Min kolam arus nya kedalaman berapa,sama kolam renang nya paling dalam berapa meter ?,kolam arus kedalaman kolam renang dalam meter,Netral
626,Hotel Dayang Resort Singkawang,aku udah pernah 4 kali,pernah empat,Positif
627,Hotel Dayang Resort Singkawang,udh suah ke sie😁 sukeee,suah suka,Positif
628,Hotel Dayang Resort Singkawang,Keren bangettt🔥🔥,keren,Positif
629,Hotel Dayang Resort Singkawang,PERNAH TENGGELAM DISITU 😭👆🏻👆🏻,pernah tenggelam situ,Negatif
630,Hotel Dayang Resort Singkawang,enakk wehhhh wjibbbb kesnaaaaa🌷🌷🌷🌷🌷🌷,enak wajib sana,Positif
631,Hotel Dayang Resort Singkawang,𝑝𝑒𝑟𝑛𝑎ℎ 𝑘𝑒 𝑠𝑖𝑡𝑢 𝑏𝑎𝑔𝑢𝑠 𝑏𝑔𝑡 🥰🥰👍,pernah situ bagus,Positif
632,Hotel Dayang Resort Singkawang,baru ke min,baru,Positif
633,Hotel Dayang Resort Singkawang,aku pernah kesitu 😁,pernah situ,Positif
634,Hotel Dayang Resort Singkawang,aku pernah ke dayang resort singkawang tapi dah lama mau lg,pernah dayang resort singkawang lama mau,Positif
635,Hotel Dayang Resort Singkawang,req taman cinta min,taman cinta,Positif
636,Hotel Dayang Resort Singkawang,ada yang pernah tenggelam disitu😭😭👆🏻👆🏻,pernah tenggelam situ,Negatif
637,Hotel Dayang Resort Singkawang,aku pernah pergi ke datang resort Singkawang tempat nya bagus bgt 😁😁,pernah pergi datang resort singkawang tempat bagus,Positif
638,Hotel Dayang Resort Singkawang,tak salah aku ade penginapan di situ aku pernah pergi,penginapan situ pernah pergi,Positif
639,Hotel Dayang Resort Singkawang,aku pernah ke sini seru abiss😭😭 pen ke sana LG pas tur 😭😭,pernah sini seru pengen sana tur,Positif
640,Hotel Dayang Resort Singkawang,udah suah b5× k sie rase nk k sie agk mun libur panjang,lima sini rasa sini libur panjang,Positif
641,Hotel Dayang Resort Singkawang,kemarin gw disana lumayan juga makanannya🗿,kemarin sana lumayan makanan,Positif
642,Hotel Dayang Resort Singkawang,dinane nye tu,mana,Netral
643,Hotel Dayang Resort Singkawang,taman cinta min,taman cinta,Positif
644,Hotel Dayang Resort Singkawang,dejavu 😁,dejavu,Netral
645,Hotel Dayang Resort Singkawang,Aku pernah pergi di situ,pernah pergi situ,Positif
646,Hotel Dayang Resort Singkawang,aku pernah kesana pas perpisahan disana sumpah seru bgt mana luas bgt kolam renang singkawang memang tak terkalahkan🤭,pernah sana perpisahan seru luas kolam renang singkawang tak terkalahkan,Positif
647,Hotel Dayang Resort Singkawang,udh pernah,pernah,Positif
648,Hotel Dayang Resort Singkawang,lebih seru di waterpark pontianak,lebih seru waterpark pontianak,Positif
649,Hotel Dayang Resort Singkawang,wah keren banget ya.,keren,Positif
650,Hotel Dayang Resort Singkawang,udh kesitu kemarin 😂main orosotan seru bngat anjaaayyysayang gak ada foto foto krna asyik main sma klurga,situ kemarin main perosotan seru sayang tidak foto asyik main keluarga,Positif
651,Hotel Dayang Resort Singkawang,aku ada main situ,main situ,Positif
652,Hotel Dayang Resort Singkawang,aku orang singkawang tapi gak pernah kesitu😭,orang singkawang tidak pernah situ,Negatif
653,Hotel Dayang Resort Singkawang,tahun udah lama aku ke datang resort,tahun lama datang resort,Positif
654,Hotel Dayang Resort Singkawang,Brp tiket masuk kolam renang?,berapa tiket masuk kolam renang,Netral
655,Hotel Dayang Resort Singkawang,Udh Kesana Min Pas Blum. Ada Kolam. Baru pas Sya Pergi Cuman Ada Kolam. Arus🙌🙌🙌,sana belum kolam baru pergi kolam arus,Positif
656,Hotel Dayang Resort Singkawang,di kolam arusnya seruu dh lamaa ndak kesituu,kolam arus seru lama tidak situ,Positif
657,Hotel Dayang Resort Singkawang,pas study tour kesitu behhh seruuu,study tour situ seru,Positif
658,Hotel Dayang Resort Singkawang,tunggu aku punya duit baru kesana🖐😋,tunggu duit baru sana,Positif
659,Hotel Dayang Resort Singkawang,masuk bayar brp per orang bg,masuk bayar berapa orang,Netral
660,Hotel Dayang Resort Singkawang,Pegawainya ramah2,syuka,pegawai ramah suka,Positif
661,Hotel Dayang Resort Singkawang,sempat hmpir tenggelam disitu pas naik prosotan ny 😔,hampir tenggelam situ naik perosotan,Negatif
662,Hotel Dayang Resort Singkawang,bagus sih tapi daan boleh bawak makanan dari rumah,bagus tidak boleh bawa makanan rumah,Negatif
663,Hotel Dayang Resort Singkawang,aku pernah kesana😁,pernah sana,Positif
664,Hotel Dayang Resort Singkawang,aku pernah kesana udh 5 bulan gak kesana mau kesana lagi dongg😋,pernah sana bulan tidak sana mau sana,Positif
665,Hotel Dayang Resort Singkawang,harga nye Yo😁,harga,Netral
666,Hotel Dayang Resort Singkawang,langganan gw & keluarga sii,langganan keluarga,Positif
667,Hotel Dayang Resort Singkawang,persaingan ketat Singkawang tunggu aku,persaingan ketat singkawang tunggu,Positif
668,Hotel Dayang Resort Singkawang,masuk dayang resort berapa duit kak,masuk dayang resort berapa duit,Netral
669,Hotel Dayang Resort Singkawang,aku cari cari nga ada,cari tidak,Negatif
670,Hotel Dayang Resort Singkawang,Huhuhu aku ga jadi ke Dayang Resort hari ini😭😭,tidak jadi dayang resort hari,Negatif
671,Hotel Dayang Resort Singkawang,taman cinta juga banyak kolam nya sama seluncurnya,taman cinta banyak kolam seluncur,Positif
672,Hotel Dayang Resort Singkawang,prna msk,ama klrga bnr""""sepii😭😭 berasa milik sndri we,bguss bgtt,pernah masuk keluarga sepi berasa milik sendiri bagus,Positif
673,Hotel Dayang Resort Singkawang,ade main stu emang mantap kolam renang nye🥰,main situ mantap kolam renang,Positif
674,Hotel Dayang Resort Singkawang,Hai dari Kuala Lumpur malaysia 🇲🇾 dah pergi sini best sangat bawa keluarga,kuala lumpur malaysia pergi sini best bawa keluarga,Positif
675,Hotel Dayang Resort Singkawang,pernah ke arus sama sepupu pake pelampung berdua eh pelampung nya kebalik gw susah mau naik malah dibantu orang cowok lagi 🗿,pernah arus sepupu pelampung pelampung kebalik susah naik dibantu orang cowok,Negatif
676,Hotel Dayang Resort Singkawang,pengen lagi kesana,pengen sana,Positif
677,Hotel Dayang Resort Singkawang,seruuu mau lagii di atas perosotan bise funkot Ade kolam arus pengen agik rse ee 😜,seru mau perosotan funkot kolam arus pengen rasa,Positif
678,Hotel Dayang Resort Singkawang,gas kan,gas,Positif
679,Hotel Dayang Resort Singkawang,iya bener dia aku aja pernah ke singkawang,pernah singkawang,Positif
680,Hotel Dayang Resort Singkawang,sering banget udah 19× kesana luas dan kamarnya minimalis,sering sembilan belas sana luas kamar minimalis,Positif
681,Hotel Dayang Resort Singkawang,Cantik tempatnya. Enak nginap di sini weekdays. Ndak ramai org. Ndak angker 😂,cantik tempat enak nginap sini weekdays tidak ramai tidak angker,Positif
682,Hotel Dayang Resort Singkawang,aku selalu kesitu seru banget dan penginapan nya adem bngt pas pagii,selalu situ seru penginapan adem pagi,Positif
683,Hotel Dayang Resort Singkawang,brp biaya masuk ksnik ya,berapa biaya masuk,Netral
684,Hotel Dayang Resort Singkawang,gw pernah kesitu njir dulu kecil terus gw tenggelam🥰,pernah situ kecil tenggelam,Negatif
685,Hotel Dayang Resort Singkawang,ini KH?,kh,Netral
686,Hotel Dayang Resort Singkawang,puncak alam,puncak alam,Positif
687,Hotel Dayang Resort Singkawang,suah aku ke sie waktu kunjungan,suah kunjungan,Positif
688,Hotel Dayang Resort Singkawang,gw tanggal 1 kemarin pergi 🗿👍,tanggal kemarin pergi,Positif
689,Hotel Dayang Resort Singkawang,aku pernah kesitu pas study tour seru bgtt💓,pernah situ study tour seru,Positif
690,Hotel Dayang Resort Singkawang,gk ad pantainy ya kyak kahyangan,tidak pantai kahyangan,Negatif
691,Hotel Dayang Resort Singkawang,sumpah bagus💞💞💞💞💞,bagus,Positif
692,Hotel Dayang Resort Singkawang,gw tebak berapa tahun ujung ujung nya terbengkalai🗿,tebak tahun ujung terbengkalai,Negatif
693,Hotel Dayang Resort Singkawang,waduh bentar lagi gua magang di situ doain lancar ya guys,magang situ doa lancar,Positif
694,Hotel Dayang Resort Singkawang,termasuk murah sih,murah,Positif
695,Hotel Dayang Resort Singkawang,padahal bagus ya sekarang terbengkalai,padahal bagus sekarang terbengkalai,Negatif
696,Hotel Dayang Resort Singkawang,aku pernah kesitu aku ada disitu yg aku naik perosotan sama kk aku,pernah situ naik perosotan,Positif
697,Hotel Dayang Resort Singkawang,harga tiket masuk sama kolam berenang nya beda ka kak,harga tiket masuk kolam berenang beda,Netral
698,Hotel Dayang Resort Singkawang,aku pernah di situ aku berenang,pernah situ berenang,Positif
699,Hotel Dayang Resort Singkawang,baru 2024 loh pdhl,baru,Positif
700,Hotel Dayang Resort Singkawang,udaa ke sini,seru bngt huu,sini seru,Positif"